<?xml version="1.0" encoding="utf-8"?>
<!-- Copyright (C) 2011 Patrik Åkerfeldt
     Copyright (C) 2011 Jake Wharton

     Licensed under the Apache License, Version 2.0 (the "License");
     you may not use this file except in compliance with the License.
     You may obtain a copy of the License at

          http://www.apache.org/licenses/LICENSE-2.0

     Unless required by applicable law or agreed to in writing, software
     distributed under the License is distributed on an "AS IS" BASIS,
     WITHOUT WARRANTIES OR CONDITIONS OF ANY KIND, either express or implied.
     See the License for the specific language governing permissions and
     limitations under the License.
-->

<resources>
    <declare-styleable name="ViewPagerIndicator">
        <!-- Style of the circle indicator. -->
        <attr name="vpiCirclePageIndicatorStyle" format="reference"/>
        
        <!-- Style of the title indicator. -->
        <attr name="vpiTitlePageIndicatorStyle" format="reference"/>
        
        <!-- Style of the tab indicator. -->
        <attr name="vpiTabPageIndicatorStyle" format="reference"/>
        <!-- Style of the text in a tab. -->
        <attr name="vpiTabTextStyle" format="reference"/>
    </declare-styleable>

    <declare-styleable name="CirclePageIndicator">
        <!-- Whether or not the indicators should be centered. -->
        <attr name="centered" format="boolean" />
        <!-- Color of the filled circle that represents the current page. -->
        <attr name="fillColor" format="color" />
        <!-- Color of the filled circles that represents pages. -->
        <attr name="pageColor" format="color" />
        <!-- Orientation of the indicator. -->
        <attr name="orientation">
            <enum name="horizontal" value="0" />
            <enum name="vertical" value="1" />
        </attr>
        <!-- Radius of the circles. This is also the spacing between circles. -->
        <attr name="radius" format="dimension" />
        <!-- Whether or not the selected indicator snaps to the circles. -->
        <attr name="snap" format="boolean" />
        <!-- Color of the open circles. -->
        <attr name="strokeColor" format="color" />
        <!-- Width of the stroke used to draw the circles. -->
        <attr name="strokeWidth" format="dimension" />
    </declare-styleable>

    <declare-styleable name="TitlePageIndicator">
        <!-- Screen edge padding. -->
        <attr name="clipPadding" format="dimension" />
        <!-- Color of the footer line and indicator. -->
        <attr name="footerColor" format="color" />
        <!-- Height of the footer line. -->
        <attr name="footerLineHeight" format="dimension" />
        <!-- Style of the indicator. Default is triangle. -->
        <attr name="footerIndicatorStyle">
            <enum name="none" value="0" />
            <enum name="triangle" value="1" />
            <enum name="underline" value="2" />
        </attr>
        <!-- Height of the indicator above the footer line. -->
        <attr name="footerIndicatorHeight" format="dimension" />
        <!-- Left and right padding of the underline indicator. -->
        <attr name="footerIndicatorUnderlinePadding" format="dimension" />
        <!-- Padding between the bottom of the title and the footer. -->
        <attr name="footerPadding" format="dimension" />
        <!-- Color of the selected title. -->
        <attr name="selectedColor" format="color" />
        <!-- Whether or not the selected item is displayed as bold. -->
        <attr name="selectedBold" format="boolean" />
        <!-- Color of regular titles. -->
        <attr name="textColor" format="color" />
        <!-- Size of title text. -->
        <attr name="textSize" format="dimension" />
        <!-- Padding between titles when bumping into each other. -->
        <attr name="titlePadding" format="dimension" />
        <!-- Padding between titles and the top of the View. -->
        <attr name="topPadding" format="dimension" />
    </declare-styleable>
</resources>
